category,review
Прекрасный отель,"Этот отель просто замечательный! Номера всегда чистые, просторные и уютные. Персонал очень приветливый и готов помочь в любое время. Завтраки вкусные и разнообразные. Обязательно вернусь сюда снова!"
Прекрасный отель,"Один из лучших отелей, где я останавливался. Отличное расположение, комфортные кровати и потрясающий вид из окна. Особенно понравился спа-салон — просто сказка! Рекомендую всем."
Прекрасный отель,"Каждый раз, когда я здесь останавливаюсь, получаю только положительные эмоции. Всё продумано до мелочей: от удобств в номере до приветливого обслуживания. Завтрак — это отдельная история, всё невероятно вкусно."
Прекрасный отель,"Идеальное место для отдыха. Просторные и стильные номера, бассейн с подогревом и вкусные блюда в ресторане. Персонал очень вежливый и профессиональный. Лучший отель, который я могу порекомендовать."
Прекрасный отель,"Очень понравился этот отель. Всё на высшем уровне: уютные номера, чистота, тишина и комфорт. Завтрак был восхитительным, а сотрудники сделали всё, чтобы мой отдых был идеальным."
Прекрасный отель,"Это место стало моим любимым отелем. Номера роскошные, персонал доброжелательный, а удобства превосходят все ожидания. Я особенно оценил фитнес-зал и возможность заказать еду в номер."
Прекрасный отель,Очень уютный отель с домашней атмосферой. Я наслаждался тихими вечерами в лобби и вкусным кофе по утрам. Отличный выбор для спокойного отдыха.
Прекрасный отель,"Всегда возвращаюсь сюда с удовольствием. Просторные номера, шикарный сервис и потрясающий вид из окон. Рекомендую попробовать блюда из ресторана — это гастрономический восторг!"
Прекрасный отель,"Идеальный отель для семейного отдыха. Чисто, уютно и очень удобно. Дети были в восторге от бассейна, а я насладился спа-процедурами. Отличное место для отпуска."
Прекрасный отель,"Замечательный отель! Комфортные кровати, приятный дизайн интерьера и вкусные завтраки. Я обязательно остановлюсь здесь ещё раз."
Плохой хостел,"Очень разочарован. Комнаты тесные, постельное бельё оставляет желать лучшего, а шум из коридора мешает спать. Цена совершенно не соответствует качеству."
Плохой хостел,"Не советую. Комнаты грязные, в душе неприятный запах, а персонал вовсе не дружелюбный. Даже на ночь останавливаться не рекомендую."
Плохой хостел,"Очень плохой опыт. Места мало, вентиляции практически нет, а кухня выглядит так, будто её не убирали несколько месяцев. Ужасное впечатление."
Плохой хостел,"Самый худший хостел, в котором я был. Постельное бельё пахло странно, комната была холодной, а персонал совершенно не реагировал на просьбы. Очень разочарован."
Плохой хостел,"Категорически не рекомендую. Грязь повсюду, стены тонкие, слышно абсолютно всё, что происходит вокруг. Оставил этот хостел раньше запланированного."
Плохой хостел,"Ужасный хостел. Я ожидал хотя бы минимального комфорта, но получил полное разочарование. Невыносимая обстановка, к тому же дорого для такого уровня."
Плохой хостел,"Абсолютно не понравилось. Комнаты маленькие, кровати скрипят, а в общем пространстве невыносимо грязно. Сюда я больше не вернусь."
Плохой хостел,"Этот хостел — просто кошмар. Мебель старая, всё скрипит и ломается. Не смог остаться там больше одной ночи. Потраченные деньги не стоят этих условий."
Плохой хостел,"Не рекомендую этот хостел. Грязь, шум и полное отсутствие нормальных условий для отдыха. Обслуживание на нуле. Лучше переплатить и найти другое место."
Плохой хостел,"Ужасное место. Грязная ванная, неприятный запах в комнате и жуткий шум по ночам. Впечатления только отрицательные. Никому не советую."
